INSERT INTO  `objtype` (`idobjtype`,`name`,`freedegree`) VALUES (1,'Segment',4);
INSERT INTO  `objtype` (`idobjtype`,`name`,`freedegree`) VALUES (5,'Circle',3);
INSERT INTO  `objtype` (`idobjtype`,`name`,`freedegree`) VALUES (6,'Arc',5); 
INSERT INTO `constrtype` (`idconstrtype`,`name`,`is_parametric`) VALUES (0,'Fixed',0);
INSERT INTO `constrtype` (`idconstrtype`,`name`,`is_parametric`) VALUES (1,'Equal',0);
INSERT INTO `constrtype` (`idconstrtype`,`name`,`is_parametric`) VALUES (2,'Vertical',0);
INSERT INTO `constrtype` (`idconstrtype`,`name`,`is_parametric`) VALUES (3,'Horizontal',0);
INSERT INTO `constrtype` (`idconstrtype`,`name`,`is_parametric`) VALUES (4,'Distance',1);
INSERT INTO `constrtype` (`idconstrtype`,`name`,`is_parametric`) VALUES (5,'Angle',1);
INSERT INTO `constrtype` (`idconstrtype`,`name`,`is_parametric`) VALUES (6,'Parallel',0);
INSERT INTO `constrtype` (`idconstrtype`,`name`,`is_parametric`) VALUES (7,'Ortho',0);
INSERT INTO `constrtype` (`idconstrtype`,`name`,`is_parametric`) VALUES (8,'Tangent',0);
INSERT INTO `constrtype` (`idconstrtype`,`name`,`is_parametric`) VALUES (9,'Coincident',0);
INSERT INTO `layer` (`idlayer`) VALUES (2);
INSERT INTO `entity` (`identity`,`layer`) VALUES (1,2);
INSERT INTO `point` (`idpoint`,`x`,`y`) VALUES (1,-0.368037,0.201659);
INSERT INTO `entity` (`identity`,`layer`) VALUES (2,2);
INSERT INTO `point` (`idpoint`,`x`,`y`) VALUES (2,-0.368037,0.00165653);
INSERT INTO `entity` (`identity`,`layer`) VALUES (3,2);
INSERT INTO `object` (`idobject`, `objtype`)  VALUES (3,1);
INSERT INTO `objpoints` (`idpoint`,`idobject`) VALUES (2,3);
INSERT INTO `objpoints` (`idpoint`,`idobject`) VALUES (1,3);
INSERT INTO `entity` (`identity`,`layer`) VALUES (5,2);
INSERT INTO `point` (`idpoint`,`x`,`y`) VALUES (5,-0.368037,0.201659);
INSERT INTO `entity` (`identity`,`layer`) VALUES (6,2);
INSERT INTO `point` (`idpoint`,`x`,`y`) VALUES (6,-0.297463,0.201681);
INSERT INTO `entity` (`identity`,`layer`) VALUES (7,2);
INSERT INTO `object` (`idobject`, `objtype`)  VALUES (7,1);
INSERT INTO `objpoints` (`idpoint`,`idobject`) VALUES (6,7);
INSERT INTO `objpoints` (`idpoint`,`idobject`) VALUES (5,7);
INSERT INTO `entity` (`identity`,`layer`) VALUES (10,2);
INSERT INTO `point` (`idpoint`,`x`,`y`) VALUES (10,-0.368037,0.0718539);
INSERT INTO `entity` (`identity`,`layer`) VALUES (11,2);
INSERT INTO `point` (`idpoint`,`x`,`y`) VALUES (11,-0.368037,0.00165653);
INSERT INTO `entity` (`identity`,`layer`) VALUES (12,2);
INSERT INTO `point` (`idpoint`,`x`,`y`) VALUES (12,-0.368037,0.142051);
INSERT INTO `entity` (`identity`,`layer`) VALUES (13,2);
INSERT INTO `object` (`idobject`, `objtype`)  VALUES (13,6);
INSERT INTO `objpoints` (`idpoint`,`idobject`) VALUES (12,13);
INSERT INTO `objpoints` (`idpoint`,`idobject`) VALUES (11,13);
INSERT INTO `objpoints` (`idpoint`,`idobject`) VALUES (10,13);
INSERT INTO `entity` (`identity`,`layer`) VALUES (18,2);
INSERT INTO `point` (`idpoint`,`x`,`y`) VALUES (18,-0.244604,0.00182852);
INSERT INTO `entity` (`identity`,`layer`) VALUES (19,2);
INSERT INTO `point` (`idpoint`,`x`,`y`) VALUES (19,-0.185264,0.201718);
INSERT INTO `entity` (`identity`,`layer`) VALUES (20,2);
INSERT INTO `object` (`idobject`, `objtype`)  VALUES (20,1);
INSERT INTO `objpoints` (`idpoint`,`idobject`) VALUES (19,20);
INSERT INTO `objpoints` (`idpoint`,`idobject`) VALUES (18,20);
INSERT INTO `entity` (`identity`,`layer`) VALUES (21,2);
INSERT INTO `point` (`idpoint`,`x`,`y`) VALUES (21,-0.185264,0.201718);
INSERT INTO `entity` (`identity`,`layer`) VALUES (22,2);
INSERT INTO `point` (`idpoint`,`x`,`y`) VALUES (22,-0.129216,0.000679267);
INSERT INTO `entity` (`identity`,`layer`) VALUES (23,2);
INSERT INTO `object` (`idobject`, `objtype`)  VALUES (23,1);
INSERT INTO `objpoints` (`idpoint`,`idobject`) VALUES (22,23);
INSERT INTO `objpoints` (`idpoint`,`idobject`) VALUES (21,23);
INSERT INTO `entity` (`identity`,`layer`) VALUES (25,2);
INSERT INTO `point` (`idpoint`,`x`,`y`) VALUES (25,-0.218179,0.0908428);
INSERT INTO `entity` (`identity`,`layer`) VALUES (26,2);
INSERT INTO `point` (`idpoint`,`x`,`y`) VALUES (26,-0.154353,0.0908428);
INSERT INTO `entity` (`identity`,`layer`) VALUES (27,2);
INSERT INTO `object` (`idobject`, `objtype`)  VALUES (27,1);
INSERT INTO `objpoints` (`idpoint`,`idobject`) VALUES (26,27);
INSERT INTO `objpoints` (`idpoint`,`idobject`) VALUES (25,27);
INSERT INTO `entity` (`identity`,`layer`) VALUES (30,2);
INSERT INTO `point` (`idpoint`,`x`,`y`) VALUES (30,-0.0981685,0.152213);
INSERT INTO `layer` (`idlayer`) VALUES (3);
INSERT INTO `entity` (`identity`,`layer`) VALUES (31,3);
INSERT INTO `point` (`idpoint`,`x`,`y`) VALUES (31,-0.06107,0.119353);
INSERT INTO `entity` (`identity`,`layer`) VALUES (32,3);
INSERT INTO `point` (`idpoint`,`x`,`y`) VALUES (32,-0.0987121,0.20179);
INSERT INTO `entity` (`identity`,`layer`) VALUES (33,3);
INSERT INTO `object` (`idobject`, `objtype`)  VALUES (33,6);
INSERT INTO `objpoints` (`idpoint`,`idobject`) VALUES (32,33);
INSERT INTO `objpoints` (`idpoint`,`idobject`) VALUES (31,33);
INSERT INTO `objpoints` (`idpoint`,`idobject`) VALUES (30,33);
INSERT INTO `entity` (`identity`,`layer`) VALUES (35,3);
INSERT INTO `point` (`idpoint`,`x`,`y`) VALUES (35,-0.110138,0.0726669);
INSERT INTO `entity` (`identity`,`layer`) VALUES (36,3);
INSERT INTO `point` (`idpoint`,`x`,`y`) VALUES (36,-0.100362,0.00564675);
INSERT INTO `entity` (`identity`,`layer`) VALUES (37,3);
INSERT INTO `point` (`idpoint`,`x`,`y`) VALUES (37,-0.0610697,0.119353);
INSERT INTO `entity` (`identity`,`layer`) VALUES (38,3);
INSERT INTO `object` (`idobject`, `objtype`)  VALUES (38,6);
INSERT INTO `objpoints` (`idpoint`,`idobject`) VALUES (37,38);
INSERT INTO `objpoints` (`idpoint`,`idobject`) VALUES (36,38);
INSERT INTO `objpoints` (`idpoint`,`idobject`) VALUES (35,38);
INSERT INTO `entity` (`identity`,`layer`) VALUES (41,3);
INSERT INTO `point` (`idpoint`,`x`,`y`) VALUES (41,0.0053676,0.201786);
INSERT INTO `entity` (`identity`,`layer`) VALUES (42,3);
INSERT INTO `point` (`idpoint`,`x`,`y`) VALUES (42,0.00537089,-0.000787397);
INSERT INTO `entity` (`identity`,`layer`) VALUES (43,3);
INSERT INTO `object` (`idobject`, `objtype`)  VALUES (43,1);
INSERT INTO `objpoints` (`idpoint`,`idobject`) VALUES (42,43);
INSERT INTO `objpoints` (`idpoint`,`idobject`) VALUES (41,43);
INSERT INTO `entity` (`identity`,`layer`) VALUES (44,3);
INSERT INTO `point` (`idpoint`,`x`,`y`) VALUES (44,0.0207821,0.070257);
INSERT INTO `entity` (`identity`,`layer`) VALUES (45,3);
INSERT INTO `point` (`idpoint`,`x`,`y`) VALUES (45,0.00537766,-0.000756046);
INSERT INTO `entity` (`identity`,`layer`) VALUES (46,3);
INSERT INTO `point` (`idpoint`,`x`,`y`) VALUES (46,0.00592864,0.142346);
INSERT INTO `entity` (`identity`,`layer`) VALUES (47,3);
INSERT INTO `object` (`idobject`, `objtype`)  VALUES (47,6);
INSERT INTO `objpoints` (`idpoint`,`idobject`) VALUES (46,47);
INSERT INTO `objpoints` (`idpoint`,`idobject`) VALUES (45,47);
INSERT INTO `objpoints` (`idpoint`,`idobject`) VALUES (44,47);
INSERT INTO `entity` (`identity`,`layer`) VALUES (51,3);
INSERT INTO `point` (`idpoint`,`x`,`y`) VALUES (51,0.0936729,0.201798);
INSERT INTO `entity` (`identity`,`layer`) VALUES (52,3);
INSERT INTO `point` (`idpoint`,`x`,`y`) VALUES (52,0.0936708,-0.00083098);
INSERT INTO `entity` (`identity`,`layer`) VALUES (53,3);
INSERT INTO `object` (`idobject`, `objtype`)  VALUES (53,1);
INSERT INTO `objpoints` (`idpoint`,`idobject`) VALUES (52,53);
INSERT INTO `objpoints` (`idpoint`,`idobject`) VALUES (51,53);
INSERT INTO `entity` (`identity`,`layer`) VALUES (58,3);
INSERT INTO `point` (`idpoint`,`x`,`y`) VALUES (58,0.199604,-0.000875733);
INSERT INTO `entity` (`identity`,`layer`) VALUES (59,3);
INSERT INTO `point` (`idpoint`,`x`,`y`) VALUES (59,0.259559,0.201859);
INSERT INTO `entity` (`identity`,`layer`) VALUES (60,3);
INSERT INTO `object` (`idobject`, `objtype`)  VALUES (60,1);
INSERT INTO `objpoints` (`idpoint`,`idobject`) VALUES (59,60);
INSERT INTO `objpoints` (`idpoint`,`idobject`) VALUES (58,60);
INSERT INTO `layer` (`idlayer`) VALUES (4);
INSERT INTO `entity` (`identity`,`layer`) VALUES (61,4);
INSERT INTO `point` (`idpoint`,`x`,`y`) VALUES (61,0.259559,0.201859);
INSERT INTO `entity` (`identity`,`layer`) VALUES (62,4);
INSERT INTO `point` (`idpoint`,`x`,`y`) VALUES (62,0.309585,-0.000913611);
INSERT INTO `entity` (`identity`,`layer`) VALUES (63,4);
INSERT INTO `object` (`idobject`, `objtype`)  VALUES (63,1);
INSERT INTO `objpoints` (`idpoint`,`idobject`) VALUES (62,63);
INSERT INTO `objpoints` (`idpoint`,`idobject`) VALUES (61,63);
INSERT INTO `entity` (`identity`,`layer`) VALUES (65,4);
INSERT INTO `point` (`idpoint`,`x`,`y`) VALUES (65,0.180048,-0.000867992);
INSERT INTO `entity` (`identity`,`layer`) VALUES (66,4);
INSERT INTO `point` (`idpoint`,`x`,`y`) VALUES (66,0.338667,-0.000932581);
INSERT INTO `entity` (`identity`,`layer`) VALUES (67,4);
INSERT INTO `object` (`idobject`, `objtype`)  VALUES (67,1);
INSERT INTO `objpoints` (`idpoint`,`idobject`) VALUES (66,67);
INSERT INTO `objpoints` (`idpoint`,`idobject`) VALUES (65,67);
INSERT INTO `entity` (`identity`,`layer`) VALUES (68,4);
INSERT INTO `point` (`idpoint`,`x`,`y`) VALUES (68,0.180048,-0.000868997);
INSERT INTO `entity` (`identity`,`layer`) VALUES (69,4);
INSERT INTO `point` (`idpoint`,`x`,`y`) VALUES (69,0.2,-0.0255708);
INSERT INTO `entity` (`identity`,`layer`) VALUES (70,4);
INSERT INTO `object` (`idobject`, `objtype`)  VALUES (70,1);
INSERT INTO `objpoints` (`idpoint`,`idobject`) VALUES (69,70);
INSERT INTO `objpoints` (`idpoint`,`idobject`) VALUES (68,70);
INSERT INTO `entity` (`identity`,`layer`) VALUES (72,4);
INSERT INTO `point` (`idpoint`,`x`,`y`) VALUES (72,0.338667,-0.000923627);
INSERT INTO `entity` (`identity`,`layer`) VALUES (73,4);
INSERT INTO `point` (`idpoint`,`x`,`y`) VALUES (73,0.318721,-0.0255708);
INSERT INTO `entity` (`identity`,`layer`) VALUES (74,4);
INSERT INTO `object` (`idobject`, `objtype`)  VALUES (74,1);
INSERT INTO `objpoints` (`idpoint`,`idobject`) VALUES (73,74);
INSERT INTO `objpoints` (`idpoint`,`idobject`) VALUES (72,74);
INSERT INTO `entity` (`identity`,`layer`) VALUES (80,4);
INSERT INTO `point` (`idpoint`,`x`,`y`) VALUES (80,0.342535,-0.000918756);
INSERT INTO `entity` (`identity`,`layer`) VALUES (81,4);
INSERT INTO `point` (`idpoint`,`x`,`y`) VALUES (81,0.417439,0.2019);
INSERT INTO `entity` (`identity`,`layer`) VALUES (82,4);
INSERT INTO `object` (`idobject`, `objtype`)  VALUES (82,1);
INSERT INTO `objpoints` (`idpoint`,`idobject`) VALUES (81,82);
INSERT INTO `objpoints` (`idpoint`,`idobject`) VALUES (80,82);
INSERT INTO `entity` (`identity`,`layer`) VALUES (83,4);
INSERT INTO `point` (`idpoint`,`x`,`y`) VALUES (83,0.417441,0.201896);
INSERT INTO `entity` (`identity`,`layer`) VALUES (84,4);
INSERT INTO `point` (`idpoint`,`x`,`y`) VALUES (84,0.485334,-0.00116161);
INSERT INTO `entity` (`identity`,`layer`) VALUES (85,4);
INSERT INTO `object` (`idobject`, `objtype`)  VALUES (85,1);
INSERT INTO `objpoints` (`idpoint`,`idobject`) VALUES (84,85);
INSERT INTO `objpoints` (`idpoint`,`idobject`) VALUES (83,85);
INSERT INTO `entity` (`identity`,`layer`) VALUES (86,4);
INSERT INTO `point` (`idpoint`,`x`,`y`) VALUES (86,0.377883,0.0947995);
INSERT INTO `entity` (`identity`,`layer`) VALUES (87,4);
INSERT INTO `point` (`idpoint`,`x`,`y`) VALUES (87,0.453249,0.0947999);
INSERT INTO `layer` (`idlayer`) VALUES (5);
INSERT INTO `entity` (`identity`,`layer`) VALUES (88,5);
INSERT INTO `object` (`idobject`, `objtype`)  VALUES (88,1);
INSERT INTO `objpoints` (`idpoint`,`idobject`) VALUES (87,88);
INSERT INTO `objpoints` (`idpoint`,`idobject`) VALUES (86,88);
INSERT INTO `entity` (`identity`,`layer`) VALUES (92,5);
INSERT INTO `point` (`idpoint`,`x`,`y`) VALUES (92,0.502294,0.201936);
INSERT INTO `entity` (`identity`,`layer`) VALUES (93,5);
INSERT INTO `point` (`idpoint`,`x`,`y`) VALUES (93,0.502294,-0.000244237);
INSERT INTO `entity` (`identity`,`layer`) VALUES (94,5);
INSERT INTO `object` (`idobject`, `objtype`)  VALUES (94,1);
INSERT INTO `objpoints` (`idpoint`,`idobject`) VALUES (93,94);
INSERT INTO `objpoints` (`idpoint`,`idobject`) VALUES (92,94);
INSERT INTO `entity` (`identity`,`layer`) VALUES (95,5);
INSERT INTO `point` (`idpoint`,`x`,`y`) VALUES (95,0.502294,0.0986767);
INSERT INTO `entity` (`identity`,`layer`) VALUES (96,5);
INSERT INTO `point` (`idpoint`,`x`,`y`) VALUES (96,0.590553,0.0986767);
INSERT INTO `entity` (`identity`,`layer`) VALUES (97,5);
INSERT INTO `object` (`idobject`, `objtype`)  VALUES (97,1);
INSERT INTO `objpoints` (`idpoint`,`idobject`) VALUES (96,97);
INSERT INTO `objpoints` (`idpoint`,`idobject`) VALUES (95,97);
INSERT INTO `entity` (`identity`,`layer`) VALUES (99,5);
INSERT INTO `point` (`idpoint`,`x`,`y`) VALUES (99,0.590553,0.198752);
INSERT INTO `entity` (`identity`,`layer`) VALUES (100,5);
INSERT INTO `point` (`idpoint`,`x`,`y`) VALUES (100,0.590553,-0.00342814);
INSERT INTO `entity` (`identity`,`layer`) VALUES (101,5);
INSERT INTO `object` (`idobject`, `objtype`)  VALUES (101,1);
INSERT INTO `objpoints` (`idpoint`,`idobject`) VALUES (100,101);
INSERT INTO `objpoints` (`idpoint`,`idobject`) VALUES (99,101);
INSERT INTO `entity` (`identity`,`layer`) VALUES (107,5);
INSERT INTO `point` (`idpoint`,`x`,`y`) VALUES (107,0.632583,0.195434);
INSERT INTO `entity` (`identity`,`layer`) VALUES (108,5);
INSERT INTO `point` (`idpoint`,`x`,`y`) VALUES (108,0.632583,-0.00182648);
INSERT INTO `entity` (`identity`,`layer`) VALUES (109,5);
INSERT INTO `object` (`idobject`, `objtype`)  VALUES (109,1);
INSERT INTO `objpoints` (`idpoint`,`idobject`) VALUES (108,109);
INSERT INTO `objpoints` (`idpoint`,`idobject`) VALUES (107,109);
INSERT INTO `entity` (`identity`,`layer`) VALUES (110,5);
INSERT INTO `point` (`idpoint`,`x`,`y`) VALUES (110,0.720843,0.202005);
INSERT INTO `entity` (`identity`,`layer`) VALUES (111,5);
INSERT INTO `point` (`idpoint`,`x`,`y`) VALUES (111,0.720843,-0.004998);
INSERT INTO `entity` (`identity`,`layer`) VALUES (112,5);
INSERT INTO `object` (`idobject`, `objtype`)  VALUES (112,1);
INSERT INTO `objpoints` (`idpoint`,`idobject`) VALUES (111,112);
INSERT INTO `objpoints` (`idpoint`,`idobject`) VALUES (110,112);
INSERT INTO `entity` (`identity`,`layer`) VALUES (113,5);
INSERT INTO `point` (`idpoint`,`x`,`y`) VALUES (113,0.632583,0.09223);
INSERT INTO `entity` (`identity`,`layer`) VALUES (114,5);
INSERT INTO `point` (`idpoint`,`x`,`y`) VALUES (114,0.720843,0.09223);
INSERT INTO `entity` (`identity`,`layer`) VALUES (115,5);
INSERT INTO `object` (`idobject`, `objtype`)  VALUES (115,1);
INSERT INTO `objpoints` (`idpoint`,`idobject`) VALUES (114,115);
INSERT INTO `objpoints` (`idpoint`,`idobject`) VALUES (113,115);
INSERT INTO `entity` (`identity`,`layer`) VALUES (122,5);
INSERT INTO `point` (`idpoint`,`x`,`y`) VALUES (122,0.774519,0.202022);
INSERT INTO `layer` (`idlayer`) VALUES (6);
INSERT INTO `entity` (`identity`,`layer`) VALUES (123,6);
INSERT INTO `point` (`idpoint`,`x`,`y`) VALUES (123,0.774519,-0.00498194);
INSERT INTO `entity` (`identity`,`layer`) VALUES (124,6);
INSERT INTO `object` (`idobject`, `objtype`)  VALUES (124,1);
INSERT INTO `objpoints` (`idpoint`,`idobject`) VALUES (123,124);
INSERT INTO `objpoints` (`idpoint`,`idobject`) VALUES (122,124);
INSERT INTO `entity` (`identity`,`layer`) VALUES (125,6);
INSERT INTO `point` (`idpoint`,`x`,`y`) VALUES (125,0.861324,0.20205);
INSERT INTO `entity` (`identity`,`layer`) VALUES (126,6);
INSERT INTO `point` (`idpoint`,`x`,`y`) VALUES (126,0.861324,-0.0049557);
INSERT INTO `entity` (`identity`,`layer`) VALUES (127,6);
INSERT INTO `object` (`idobject`, `objtype`)  VALUES (127,1);
INSERT INTO `objpoints` (`idpoint`,`idobject`) VALUES (126,127);
INSERT INTO `objpoints` (`idpoint`,`idobject`) VALUES (125,127);
INSERT INTO `entity` (`identity`,`layer`) VALUES (128,6);
INSERT INTO `point` (`idpoint`,`x`,`y`) VALUES (128,0.933661,0.201293);
INSERT INTO `entity` (`identity`,`layer`) VALUES (129,6);
INSERT INTO `point` (`idpoint`,`x`,`y`) VALUES (129,1.00305,-0.00122396);
INSERT INTO `entity` (`identity`,`layer`) VALUES (130,6);
INSERT INTO `object` (`idobject`, `objtype`)  VALUES (130,1);
INSERT INTO `objpoints` (`idpoint`,`idobject`) VALUES (129,130);
INSERT INTO `objpoints` (`idpoint`,`idobject`) VALUES (128,130);
INSERT INTO `entity` (`identity`,`layer`) VALUES (131,6);
INSERT INTO `point` (`idpoint`,`x`,`y`) VALUES (131,0.947926,0.000184496);
INSERT INTO `entity` (`identity`,`layer`) VALUES (132,6);
INSERT INTO `point` (`idpoint`,`x`,`y`) VALUES (132,1.02511,0.202108);
INSERT INTO `entity` (`identity`,`layer`) VALUES (133,6);
INSERT INTO `object` (`idobject`, `objtype`)  VALUES (133,1);
INSERT INTO `objpoints` (`idpoint`,`idobject`) VALUES (132,133);
INSERT INTO `objpoints` (`idpoint`,`idobject`) VALUES (131,133);
INSERT INTO `entity` (`identity`,`layer`) VALUES (134,6);
INSERT INTO `point` (`idpoint`,`x`,`y`) VALUES (134,0.774519,0.0818232);
INSERT INTO `entity` (`identity`,`layer`) VALUES (135,6);
INSERT INTO `point` (`idpoint`,`x`,`y`) VALUES (135,0.774519,-0.00498192);
INSERT INTO `entity` (`identity`,`layer`) VALUES (136,6);
INSERT INTO `point` (`idpoint`,`x`,`y`) VALUES (136,0.774519,0.168629);
INSERT INTO `entity` (`identity`,`layer`) VALUES (137,6);
INSERT INTO `object` (`idobject`, `objtype`)  VALUES (137,6);
INSERT INTO `objpoints` (`idpoint`,`idobject`) VALUES (136,137);
INSERT INTO `objpoints` (`idpoint`,`idobject`) VALUES (135,137);
INSERT INTO `objpoints` (`idpoint`,`idobject`) VALUES (134,137);
INSERT INTO `entity` (`identity`,`layer`) VALUES (4,6);
INSERT INTO `constraint` (`idconstraint`,`constrtype`) VALUES (4,2);
INSERT INTO `constrinfo` (`idconstraint`,`identity`) VALUES(4,3);
INSERT INTO `entity` (`identity`,`layer`) VALUES (8,6);
INSERT INTO `constraint` (`idconstraint`,`constrtype`) VALUES (8,9);
INSERT INTO `constrinfo` (`idconstraint`,`identity`) VALUES(8,5);
INSERT INTO `constrinfo` (`idconstraint`,`identity`) VALUES(8,1);
INSERT INTO `entity` (`identity`,`layer`) VALUES (9,6);
INSERT INTO `constraint` (`idconstraint`,`constrtype`) VALUES (9,3);
INSERT INTO `constrinfo` (`idconstraint`,`identity`) VALUES(9,7);
INSERT INTO `entity` (`identity`,`layer`) VALUES (14,6);
INSERT INTO `constraint` (`idconstraint`,`constrtype`) VALUES (14,1);
INSERT INTO `constrinfo` (`idconstraint`,`identity`) VALUES(14,10);
INSERT INTO `constrinfo` (`idconstraint`,`identity`) VALUES(14,11);
INSERT INTO `constrinfo` (`idconstraint`,`identity`) VALUES(14,12);
INSERT INTO `entity` (`identity`,`layer`) VALUES (15,6);
INSERT INTO `constraint` (`idconstraint`,`constrtype`,`parameter`) VALUES (15,4,0);
INSERT INTO `constrinfo` (`idconstraint`,`identity`) VALUES(15,3);
INSERT INTO `constrinfo` (`idconstraint`,`identity`) VALUES(15,10);
INSERT INTO `entity` (`identity`,`layer`) VALUES (16,6);
INSERT INTO `constraint` (`idconstraint`,`constrtype`,`parameter`) VALUES (16,4,0);
INSERT INTO `constrinfo` (`idconstraint`,`identity`) VALUES(16,3);
INSERT INTO `constrinfo` (`idconstraint`,`identity`) VALUES(16,12);
INSERT INTO `entity` (`identity`,`layer`) VALUES (17,6);
INSERT INTO `constraint` (`idconstraint`,`constrtype`) VALUES (17,9);
INSERT INTO `constrinfo` (`idconstraint`,`identity`) VALUES(17,2);
INSERT INTO `constrinfo` (`idconstraint`,`identity`) VALUES(17,11);
INSERT INTO `entity` (`identity`,`layer`) VALUES (24,6);
INSERT INTO `constraint` (`idconstraint`,`constrtype`) VALUES (24,9);
INSERT INTO `constrinfo` (`idconstraint`,`identity`) VALUES(24,21);
INSERT INTO `constrinfo` (`idconstraint`,`identity`) VALUES(24,19);
INSERT INTO `entity` (`identity`,`layer`) VALUES (28,6);
INSERT INTO `constraint` (`idconstraint`,`constrtype`,`parameter`) VALUES (28,4,0);
INSERT INTO `constrinfo` (`idconstraint`,`identity`) VALUES(28,25);
INSERT INTO `constrinfo` (`idconstraint`,`identity`) VALUES(28,20);
INSERT INTO `entity` (`identity`,`layer`) VALUES (29,6);
INSERT INTO `constraint` (`idconstraint`,`constrtype`,`parameter`) VALUES (29,4,0);
INSERT INTO `constrinfo` (`idconstraint`,`identity`) VALUES(29,26);
INSERT INTO `constrinfo` (`idconstraint`,`identity`) VALUES(29,23);
INSERT INTO `entity` (`identity`,`layer`) VALUES (34,6);
INSERT INTO `constraint` (`idconstraint`,`constrtype`) VALUES (34,1);
INSERT INTO `constrinfo` (`idconstraint`,`identity`) VALUES(34,30);
INSERT INTO `constrinfo` (`idconstraint`,`identity`) VALUES(34,31);
INSERT INTO `constrinfo` (`idconstraint`,`identity`) VALUES(34,32);
INSERT INTO `entity` (`identity`,`layer`) VALUES (39,6);
INSERT INTO `constraint` (`idconstraint`,`constrtype`) VALUES (39,1);
INSERT INTO `constrinfo` (`idconstraint`,`identity`) VALUES(39,35);
INSERT INTO `constrinfo` (`idconstraint`,`identity`) VALUES(39,36);
INSERT INTO `constrinfo` (`idconstraint`,`identity`) VALUES(39,37);
INSERT INTO `entity` (`identity`,`layer`) VALUES (40,6);
INSERT INTO `constraint` (`idconstraint`,`constrtype`) VALUES (40,9);
INSERT INTO `constrinfo` (`idconstraint`,`identity`) VALUES(40,31);
INSERT INTO `constrinfo` (`idconstraint`,`identity`) VALUES(40,37);
INSERT INTO `entity` (`identity`,`layer`) VALUES (48,6);
INSERT INTO `constraint` (`idconstraint`,`constrtype`) VALUES (48,1);
INSERT INTO `constrinfo` (`idconstraint`,`identity`) VALUES(48,44);
INSERT INTO `constrinfo` (`idconstraint`,`identity`) VALUES(48,45);
INSERT INTO `constrinfo` (`idconstraint`,`identity`) VALUES(48,46);
INSERT INTO `entity` (`identity`,`layer`) VALUES (49,6);
INSERT INTO `constraint` (`idconstraint`,`constrtype`) VALUES (49,9);
INSERT INTO `constrinfo` (`idconstraint`,`identity`) VALUES(49,42);
INSERT INTO `constrinfo` (`idconstraint`,`identity`) VALUES(49,45);
INSERT INTO `entity` (`identity`,`layer`) VALUES (50,6);
INSERT INTO `constraint` (`idconstraint`,`constrtype`) VALUES (50,2);
INSERT INTO `constrinfo` (`idconstraint`,`identity`) VALUES(50,43);
INSERT INTO `entity` (`identity`,`layer`) VALUES (54,6);
INSERT INTO `constraint` (`idconstraint`,`constrtype`) VALUES (54,2);
INSERT INTO `constrinfo` (`idconstraint`,`identity`) VALUES(54,53);
INSERT INTO `entity` (`identity`,`layer`) VALUES (55,6);
INSERT INTO `constraint` (`idconstraint`,`constrtype`) VALUES (55,8);
INSERT INTO `constrinfo` (`idconstraint`,`identity`) VALUES(55,47);
INSERT INTO `constrinfo` (`idconstraint`,`identity`) VALUES(55,53);
INSERT INTO `entity` (`identity`,`layer`) VALUES (56,6);
INSERT INTO `constraint` (`idconstraint`,`constrtype`) VALUES (56,3);
INSERT INTO `constrinfo` (`idconstraint`,`identity`) VALUES(56,27);
INSERT INTO `entity` (`identity`,`layer`) VALUES (57,6);
INSERT INTO `constraint` (`idconstraint`,`constrtype`) VALUES (57,1);
INSERT INTO `constrinfo` (`idconstraint`,`identity`) VALUES(57,43);
INSERT INTO `constrinfo` (`idconstraint`,`identity`) VALUES(57,53);
INSERT INTO `entity` (`identity`,`layer`) VALUES (64,6);
INSERT INTO `constraint` (`idconstraint`,`constrtype`) VALUES (64,9);
INSERT INTO `constrinfo` (`idconstraint`,`identity`) VALUES(64,61);
INSERT INTO `constrinfo` (`idconstraint`,`identity`) VALUES(64,59);
INSERT INTO `entity` (`identity`,`layer`) VALUES (71,6);
INSERT INTO `constraint` (`idconstraint`,`constrtype`) VALUES (71,9);
INSERT INTO `constrinfo` (`idconstraint`,`identity`) VALUES(71,68);
INSERT INTO `constrinfo` (`idconstraint`,`identity`) VALUES(71,65);
INSERT INTO `entity` (`identity`,`layer`) VALUES (75,6);
INSERT INTO `constraint` (`idconstraint`,`constrtype`) VALUES (75,9);
INSERT INTO `constrinfo` (`idconstraint`,`identity`) VALUES(75,72);
INSERT INTO `constrinfo` (`idconstraint`,`identity`) VALUES(75,66);
INSERT INTO `entity` (`identity`,`layer`) VALUES (76,6);
INSERT INTO `constraint` (`idconstraint`,`constrtype`,`parameter`) VALUES (76,4,0);
INSERT INTO `constrinfo` (`idconstraint`,`identity`) VALUES(76,58);
INSERT INTO `constrinfo` (`idconstraint`,`identity`) VALUES(76,67);
INSERT INTO `entity` (`identity`,`layer`) VALUES (77,6);
INSERT INTO `constraint` (`idconstraint`,`constrtype`,`parameter`) VALUES (77,4,0);
INSERT INTO `constrinfo` (`idconstraint`,`identity`) VALUES(77,62);
INSERT INTO `constrinfo` (`idconstraint`,`identity`) VALUES(77,67);
INSERT INTO `entity` (`identity`,`layer`) VALUES (78,6);
INSERT INTO `constraint` (`idconstraint`,`constrtype`) VALUES (78,3);
INSERT INTO `constrinfo` (`idconstraint`,`identity`) VALUES(78,67);
INSERT INTO `entity` (`identity`,`layer`) VALUES (79,6);
INSERT INTO `constraint` (`idconstraint`,`constrtype`) VALUES (79,6);
INSERT INTO `constrinfo` (`idconstraint`,`identity`) VALUES(79,20);
INSERT INTO `constrinfo` (`idconstraint`,`identity`) VALUES(79,60);
INSERT INTO `entity` (`identity`,`layer`) VALUES (89,6);
INSERT INTO `constraint` (`idconstraint`,`constrtype`,`parameter`) VALUES (89,4,0);
INSERT INTO `constrinfo` (`idconstraint`,`identity`) VALUES(89,86);
INSERT INTO `constrinfo` (`idconstraint`,`identity`) VALUES(89,82);
INSERT INTO `entity` (`identity`,`layer`) VALUES (90,6);
INSERT INTO `constraint` (`idconstraint`,`constrtype`,`parameter`) VALUES (90,4,0);
INSERT INTO `constrinfo` (`idconstraint`,`identity`) VALUES(90,87);
INSERT INTO `constrinfo` (`idconstraint`,`identity`) VALUES(90,85);
INSERT INTO `entity` (`identity`,`layer`) VALUES (91,6);
INSERT INTO `constraint` (`idconstraint`,`constrtype`) VALUES (91,3);
INSERT INTO `constrinfo` (`idconstraint`,`identity`) VALUES(91,88);
INSERT INTO `entity` (`identity`,`layer`) VALUES (98,6);
INSERT INTO `constraint` (`idconstraint`,`constrtype`,`parameter`) VALUES (98,4,0);
INSERT INTO `constrinfo` (`idconstraint`,`identity`) VALUES(98,95);
INSERT INTO `constrinfo` (`idconstraint`,`identity`) VALUES(98,94);
INSERT INTO `entity` (`identity`,`layer`) VALUES (102,6);
INSERT INTO `constraint` (`idconstraint`,`constrtype`,`parameter`) VALUES (102,4,0);
INSERT INTO `constrinfo` (`idconstraint`,`identity`) VALUES(102,96);
INSERT INTO `constrinfo` (`idconstraint`,`identity`) VALUES(102,101);
INSERT INTO `entity` (`identity`,`layer`) VALUES (103,6);
INSERT INTO `constraint` (`idconstraint`,`constrtype`) VALUES (103,2);
INSERT INTO `constrinfo` (`idconstraint`,`identity`) VALUES(103,94);
INSERT INTO `entity` (`identity`,`layer`) VALUES (104,6);
INSERT INTO `constraint` (`idconstraint`,`constrtype`) VALUES (104,2);
INSERT INTO `constrinfo` (`idconstraint`,`identity`) VALUES(104,101);
INSERT INTO `entity` (`identity`,`layer`) VALUES (105,6);
INSERT INTO `constraint` (`idconstraint`,`constrtype`) VALUES (105,3);
INSERT INTO `constrinfo` (`idconstraint`,`identity`) VALUES(105,97);
INSERT INTO `entity` (`identity`,`layer`) VALUES (106,6);
INSERT INTO `constraint` (`idconstraint`,`constrtype`) VALUES (106,1);
INSERT INTO `constrinfo` (`idconstraint`,`identity`) VALUES(106,53);
INSERT INTO `constrinfo` (`idconstraint`,`identity`) VALUES(106,94);
INSERT INTO `constrinfo` (`idconstraint`,`identity`) VALUES(106,101);
INSERT INTO `entity` (`identity`,`layer`) VALUES (116,6);
INSERT INTO `constraint` (`idconstraint`,`constrtype`,`parameter`) VALUES (116,4,0);
INSERT INTO `constrinfo` (`idconstraint`,`identity`) VALUES(116,113);
INSERT INTO `constrinfo` (`idconstraint`,`identity`) VALUES(116,109);
INSERT INTO `entity` (`identity`,`layer`) VALUES (117,6);
INSERT INTO `constraint` (`idconstraint`,`constrtype`,`parameter`) VALUES (117,4,0);
INSERT INTO `constrinfo` (`idconstraint`,`identity`) VALUES(117,114);
INSERT INTO `constrinfo` (`idconstraint`,`identity`) VALUES(117,112);
INSERT INTO `entity` (`identity`,`layer`) VALUES (118,6);
INSERT INTO `constraint` (`idconstraint`,`constrtype`) VALUES (118,2);
INSERT INTO `constrinfo` (`idconstraint`,`identity`) VALUES(118,109);
INSERT INTO `entity` (`identity`,`layer`) VALUES (119,6);
INSERT INTO `constraint` (`idconstraint`,`constrtype`) VALUES (119,2);
INSERT INTO `constrinfo` (`idconstraint`,`identity`) VALUES(119,112);
INSERT INTO `entity` (`identity`,`layer`) VALUES (120,6);
INSERT INTO `constraint` (`idconstraint`,`constrtype`) VALUES (120,3);
INSERT INTO `constrinfo` (`idconstraint`,`identity`) VALUES(120,115);
INSERT INTO `entity` (`identity`,`layer`) VALUES (121,6);
INSERT INTO `constraint` (`idconstraint`,`constrtype`) VALUES (121,1);
INSERT INTO `constrinfo` (`idconstraint`,`identity`) VALUES(121,97);
INSERT INTO `constrinfo` (`idconstraint`,`identity`) VALUES(121,115);
INSERT INTO `entity` (`identity`,`layer`) VALUES (138,6);
INSERT INTO `constraint` (`idconstraint`,`constrtype`) VALUES (138,1);
INSERT INTO `constrinfo` (`idconstraint`,`identity`) VALUES(138,134);
INSERT INTO `constrinfo` (`idconstraint`,`identity`) VALUES(138,135);
INSERT INTO `constrinfo` (`idconstraint`,`identity`) VALUES(138,136);
INSERT INTO `entity` (`identity`,`layer`) VALUES (139,6);
INSERT INTO `constraint` (`idconstraint`,`constrtype`,`parameter`) VALUES (139,4,0);
INSERT INTO `constrinfo` (`idconstraint`,`identity`) VALUES(139,124);
INSERT INTO `constrinfo` (`idconstraint`,`identity`) VALUES(139,136);
INSERT INTO `entity` (`identity`,`layer`) VALUES (140,6);
INSERT INTO `constraint` (`idconstraint`,`constrtype`) VALUES (140,2);
INSERT INTO `constrinfo` (`idconstraint`,`identity`) VALUES(140,124);
INSERT INTO `entity` (`identity`,`layer`) VALUES (141,6);
INSERT INTO `constraint` (`idconstraint`,`constrtype`) VALUES (141,9);
INSERT INTO `constrinfo` (`idconstraint`,`identity`) VALUES(141,123);
INSERT INTO `constrinfo` (`idconstraint`,`identity`) VALUES(141,135);
INSERT INTO `entity` (`identity`,`layer`) VALUES (142,6);
INSERT INTO `constraint` (`idconstraint`,`constrtype`,`parameter`) VALUES (142,4,0);
INSERT INTO `constrinfo` (`idconstraint`,`identity`) VALUES(142,124);
INSERT INTO `constrinfo` (`idconstraint`,`identity`) VALUES(142,134);
INSERT INTO `entity` (`identity`,`layer`) VALUES (143,6);
INSERT INTO `constraint` (`idconstraint`,`constrtype`) VALUES (143,2);
INSERT INTO `constrinfo` (`idconstraint`,`identity`) VALUES(143,127);
INSERT INTO `entity` (`identity`,`layer`) VALUES (144,6);
INSERT INTO `constraint` (`idconstraint`,`constrtype`) VALUES (144,8);
INSERT INTO `constrinfo` (`idconstraint`,`identity`) VALUES(144,127);
INSERT INTO `constrinfo` (`idconstraint`,`identity`) VALUES(144,137);
INSERT INTO `entity` (`identity`,`layer`) VALUES (145,6);
INSERT INTO `constraint` (`idconstraint`,`constrtype`) VALUES (145,1);
INSERT INTO `constrinfo` (`idconstraint`,`identity`) VALUES(145,124);
INSERT INTO `constrinfo` (`idconstraint`,`identity`) VALUES(145,127);
INSERT INTO `entity` (`identity`,`layer`) VALUES (146,6);
INSERT INTO `constraint` (`idconstraint`,`constrtype`) VALUES (146,1);
INSERT INTO `constrinfo` (`idconstraint`,`identity`) VALUES(146,112);
INSERT INTO `constrinfo` (`idconstraint`,`identity`) VALUES(146,124);
INSERT INTO `entity` (`identity`,`layer`) VALUES (147,6);
INSERT INTO `constraint` (`idconstraint`,`constrtype`) VALUES (147,6);
INSERT INTO `constrinfo` (`idconstraint`,`identity`) VALUES(147,82);
INSERT INTO `constrinfo` (`idconstraint`,`identity`) VALUES(147,133);
INSERT INTO `entity` (`identity`,`layer`) VALUES (148,6);
INSERT INTO `constraint` (`idconstraint`,`constrtype`) VALUES (148,6);
INSERT INTO `constrinfo` (`idconstraint`,`identity`) VALUES(148,85);
INSERT INTO `constrinfo` (`idconstraint`,`identity`) VALUES(148,130);
INSERT INTO `entity` (`identity`,`layer`) VALUES (149,6);
INSERT INTO `constraint` (`idconstraint`,`constrtype`) VALUES (149,9);
INSERT INTO `constrinfo` (`idconstraint`,`identity`) VALUES(149,81);
INSERT INTO `constrinfo` (`idconstraint`,`identity`) VALUES(149,83);
INSERT INTO `entity` (`identity`,`layer`) VALUES (150,6);
INSERT INTO `constraint` (`idconstraint`,`constrtype`) VALUES (150,1);
INSERT INTO `constrinfo` (`idconstraint`,`identity`) VALUES(150,85);
INSERT INTO `constrinfo` (`idconstraint`,`identity`) VALUES(150,130);
INSERT INTO `entity` (`identity`,`layer`) VALUES (151,6);
INSERT INTO `constraint` (`idconstraint`,`constrtype`) VALUES (151,1);
INSERT INTO `constrinfo` (`idconstraint`,`identity`) VALUES(151,82);
INSERT INTO `constrinfo` (`idconstraint`,`identity`) VALUES(151,133);
INSERT INTO `entity` (`identity`,`layer`) VALUES (152,6);
INSERT INTO `constraint` (`idconstraint`,`constrtype`,`parameter`) VALUES (152,4,0);
INSERT INTO `constrinfo` (`idconstraint`,`identity`) VALUES(152,7);
INSERT INTO `constrinfo` (`idconstraint`,`identity`) VALUES(152,21);
INSERT INTO `entity` (`identity`,`layer`) VALUES (153,6);
INSERT INTO `constraint` (`idconstraint`,`constrtype`) VALUES (153,8);
INSERT INTO `constrinfo` (`idconstraint`,`identity`) VALUES(153,7);
INSERT INTO `constrinfo` (`idconstraint`,`identity`) VALUES(153,33);
INSERT INTO `entity` (`identity`,`layer`) VALUES (154,6);
INSERT INTO `constraint` (`idconstraint`,`constrtype`,`parameter`) VALUES (154,4,0);
INSERT INTO `constrinfo` (`idconstraint`,`identity`) VALUES(154,7);
INSERT INTO `constrinfo` (`idconstraint`,`identity`) VALUES(154,41);
INSERT INTO `entity` (`identity`,`layer`) VALUES (155,6);
INSERT INTO `constraint` (`idconstraint`,`constrtype`,`parameter`) VALUES (155,4,0);
INSERT INTO `constrinfo` (`idconstraint`,`identity`) VALUES(155,7);
INSERT INTO `constrinfo` (`idconstraint`,`identity`) VALUES(155,51);
INSERT INTO `entity` (`identity`,`layer`) VALUES (156,6);
INSERT INTO `constraint` (`idconstraint`,`constrtype`,`parameter`) VALUES (156,4,0);
INSERT INTO `constrinfo` (`idconstraint`,`identity`) VALUES(156,7);
INSERT INTO `constrinfo` (`idconstraint`,`identity`) VALUES(156,59);
INSERT INTO `entity` (`identity`,`layer`) VALUES (157,6);
INSERT INTO `constraint` (`idconstraint`,`constrtype`,`parameter`) VALUES (157,4,0);
INSERT INTO `constrinfo` (`idconstraint`,`identity`) VALUES(157,7);
INSERT INTO `constrinfo` (`idconstraint`,`identity`) VALUES(157,81);
INSERT INTO `entity` (`identity`,`layer`) VALUES (158,6);
INSERT INTO `constraint` (`idconstraint`,`constrtype`,`parameter`) VALUES (158,4,0);
INSERT INTO `constrinfo` (`idconstraint`,`identity`) VALUES(158,7);
INSERT INTO `constrinfo` (`idconstraint`,`identity`) VALUES(158,92);
INSERT INTO `entity` (`identity`,`layer`) VALUES (159,6);
INSERT INTO `constraint` (`idconstraint`,`constrtype`,`parameter`) VALUES (159,4,0);
INSERT INTO `constrinfo` (`idconstraint`,`identity`) VALUES(159,7);
INSERT INTO `constrinfo` (`idconstraint`,`identity`) VALUES(159,110);
INSERT INTO `entity` (`identity`,`layer`) VALUES (160,6);
INSERT INTO `constraint` (`idconstraint`,`constrtype`,`parameter`) VALUES (160,4,0);
INSERT INTO `constrinfo` (`idconstraint`,`identity`) VALUES(160,7);
INSERT INTO `constrinfo` (`idconstraint`,`identity`) VALUES(160,122);
INSERT INTO `entity` (`identity`,`layer`) VALUES (161,6);
INSERT INTO `constraint` (`idconstraint`,`constrtype`,`parameter`) VALUES (161,4,0);
INSERT INTO `constrinfo` (`idconstraint`,`identity`) VALUES(161,7);
INSERT INTO `constrinfo` (`idconstraint`,`identity`) VALUES(161,125);
INSERT INTO `entity` (`identity`,`layer`) VALUES (162,6);
INSERT INTO `constraint` (`idconstraint`,`constrtype`,`parameter`) VALUES (162,4,0);
INSERT INTO `constrinfo` (`idconstraint`,`identity`) VALUES(162,67);
INSERT INTO `constrinfo` (`idconstraint`,`identity`) VALUES(162,80);
INSERT INTO `entity` (`identity`,`layer`) VALUES (163,6);
INSERT INTO `constraint` (`idconstraint`,`constrtype`,`parameter`) VALUES (163,4,0);
INSERT INTO `constrinfo` (`idconstraint`,`identity`) VALUES(163,52);
INSERT INTO `constrinfo` (`idconstraint`,`identity`) VALUES(163,67);
INSERT INTO `entity` (`identity`,`layer`) VALUES (164,6);
INSERT INTO `constraint` (`idconstraint`,`constrtype`) VALUES (164,8);
INSERT INTO `constrinfo` (`idconstraint`,`identity`) VALUES(164,47);
INSERT INTO `constrinfo` (`idconstraint`,`identity`) VALUES(164,67);
INSERT INTO `entity` (`identity`,`layer`) VALUES (165,6);
INSERT INTO `constraint` (`idconstraint`,`constrtype`,`parameter`) VALUES (165,4,0);
INSERT INTO `constrinfo` (`idconstraint`,`identity`) VALUES(165,42);
INSERT INTO `constrinfo` (`idconstraint`,`identity`) VALUES(165,67);
INSERT INTO `entity` (`identity`,`layer`) VALUES (166,6);
INSERT INTO `constraint` (`idconstraint`,`constrtype`,`parameter`) VALUES (166,4,0);
INSERT INTO `constrinfo` (`idconstraint`,`identity`) VALUES(166,7);
INSERT INTO `constrinfo` (`idconstraint`,`identity`) VALUES(166,132);
INSERT INTO `entity` (`identity`,`layer`) VALUES (167,6);
INSERT INTO `constraint` (`idconstraint`,`constrtype`,`parameter`) VALUES (167,4,0);
INSERT INTO `constrinfo` (`idconstraint`,`identity`) VALUES(167,67);
INSERT INTO `constrinfo` (`idconstraint`,`identity`) VALUES(167,129);
INSERT INTO `entity` (`identity`,`layer`) VALUES (168,6);
INSERT INTO `constraint` (`idconstraint`,`constrtype`) VALUES (168,6);
INSERT INTO `constrinfo` (`idconstraint`,`identity`) VALUES(168,20);
INSERT INTO `constrinfo` (`idconstraint`,`identity`) VALUES(168,82);
INSERT INTO `entity` (`identity`,`layer`) VALUES (169,6);
INSERT INTO `constraint` (`idconstraint`,`constrtype`) VALUES (169,6);
INSERT INTO `constrinfo` (`idconstraint`,`identity`) VALUES(169,23);
INSERT INTO `constrinfo` (`idconstraint`,`identity`) VALUES(169,85);
